<WorkflowConfig Version="15.0.0.5285">
	<Template BaseID="{990642D5-08A1-415F-949F-4BAE43BF2E60}" DocLibID="{1CDCBCE8-FEB4-47EE-93BF-711EFE3D1B5D}" XomlHref="Workflows/rakazSamira/rakazSamira.xoml" XomlVersion="V4.0" RulesHref="Workflows/rakazSamira/rakazSamira.xoml.rules" RulesVersion="V4.0" TaskContentType="0x01080100C9C9515DE4E24001905074F980F93160" Category="List" Name="rakazSamira" Description="" LastEditMode="TextBased" SupportStageDesign="false" Draft="false" WFPlatformVersion="3.5"/>
	<Association ListID="{DA8799B4-4412-4942-851E-D1F641C559BD}" TaskListID="{C6123FB2-A82D-481F-AC3B-E36D306A0EDF}" HistoryListID="{0E6ABCF2-30F8-4169-B5E8-22A00FBF4188}" StartOnChange="true"/>
	<ContentTypes/>
	<Initiation URL="~layouts/IniWrkflIP.aspx">
		<Fields/>
		<Parameters/>
		<DefaultData/>
	</Initiation>
	<Extended>
		<Fields/>
	</Extended>
	<MetaData>
		<ExtendedStatusColumnValues>
			<StatusColumnValue>Canceled</StatusColumnValue>
			<StatusColumnValue>Approved</StatusColumnValue>
			<StatusColumnValue>Rejected</StatusColumnValue>
		</ExtendedStatusColumnValues>
		<Instantiation_FormURI>Workflows/rakazSamira/rakazSamira.xsn</Instantiation_FormURI>
	</MetaData>
</WorkflowConfig>
