<WorkflowConfig Version="15.0.0.5285">
	<Template BaseID="{2EB7D271-4C4E-4EF6-A274-911A6E5CE61D}" DocLibID="{1CDCBCE8-FEB4-47EE-93BF-711EFE3D1B5D}" XomlHref="Workflows/rakazFrieda/rakazFrieda.xoml" XomlVersion="V2.0" RulesHref="Workflows/rakazFrieda/rakazFrieda.xoml.rules" RulesVersion="V2.0" TaskContentType="0x01080100C9C9515DE4E24001905074F980F93160" Category="List" Name="rakazFrieda" Description="" LastEditMode="TextBased" SupportStageDesign="false" Draft="false" WFPlatformVersion="3.5"/>
	<Association ListID="{1C291847-0279-425E-9581-2F1EA1E3DB32}" TaskListID="{C6123FB2-A82D-481F-AC3B-E36D306A0EDF}" HistoryListID="{0E6ABCF2-30F8-4169-B5E8-22A00FBF4188}" StartOnChange="true"/>
	<ContentTypes/>
	<Initiation URL="~layouts/IniWrkflIP.aspx">
		<Fields/>
		<Parameters/>
		<DefaultData/>
	</Initiation>
	<Extended>
		<Fields/>
	</Extended>
	<MetaData>
		<ExtendedStatusColumnValues>
			<StatusColumnValue>Canceled</StatusColumnValue>
			<StatusColumnValue>Approved</StatusColumnValue>
			<StatusColumnValue>Rejected</StatusColumnValue>
		</ExtendedStatusColumnValues>
		<Instantiation_FormURI>Workflows/rakazFrieda/rakazFrieda.xsn</Instantiation_FormURI>
	</MetaData>
</WorkflowConfig>
