<WorkflowConfig Version="15.0.0.5285">
	<Template BaseID="{D1E63395-2744-4CA9-90FD-045164550EDF}" DocLibID="{1CDCBCE8-FEB4-47EE-93BF-711EFE3D1B5D}" XomlHref="Workflows/rakazBoaz/rakazBoaz.xoml" XomlVersion="V2.0" RulesHref="Workflows/rakazBoaz/rakazBoaz.xoml.rules" RulesVersion="V2.0" TaskContentType="0x01080100C9C9515DE4E24001905074F980F93160" Category="List" Name="rakazBoaz" Description="" LastEditMode="TextBased" SupportStageDesign="false" Draft="false" WFPlatformVersion="3.5"/>
	<Association ListID="{B29CE4F5-C17C-4FC0-98BD-2ED41A7EE943}" TaskListID="{C6123FB2-A82D-481F-AC3B-E36D306A0EDF}" HistoryListID="{0E6ABCF2-30F8-4169-B5E8-22A00FBF4188}" StartOnChange="true"/>
	<ContentTypes/>
	<Initiation URL="~layouts/IniWrkflIP.aspx">
		<Fields/>
		<Parameters/>
		<DefaultData/>
	</Initiation>
	<Extended>
		<Fields/>
	</Extended>
	<MetaData>
		<ExtendedStatusColumnValues>
			<StatusColumnValue>Canceled</StatusColumnValue>
			<StatusColumnValue>Approved</StatusColumnValue>
			<StatusColumnValue>Rejected</StatusColumnValue>
		</ExtendedStatusColumnValues>
		<Instantiation_FormURI>Workflows/rakazBoaz/rakazBoaz.xsn</Instantiation_FormURI>
	</MetaData>
</WorkflowConfig>
