<WorkflowConfig Version="15.0.0.5285">
	<Template BaseID="{7B35C8C0-5CED-4673-BE79-88D520ECC9F7}" DocLibID="{1CDCBCE8-FEB4-47EE-93BF-711EFE3D1B5D}" XomlHref="Workflows/rakazAdi/rakazAdi.xoml" XomlVersion="V3.0" RulesHref="Workflows/rakazAdi/rakazAdi.xoml.rules" RulesVersion="V3.0" TaskContentType="0x01080100C9C9515DE4E24001905074F980F93160" Category="List" Name="rakazAdi" Description="" LastEditMode="TextBased" SupportStageDesign="false" Draft="false" WFPlatformVersion="3.5"/>
	<Association ListID="{8EC29FBE-5F84-4D50-A0FE-3BD2A5A434CC}" TaskListID="{C6123FB2-A82D-481F-AC3B-E36D306A0EDF}" HistoryListID="{0E6ABCF2-30F8-4169-B5E8-22A00FBF4188}" StartOnChange="true"/>
	<ContentTypes/>
	<Initiation URL="~layouts/IniWrkflIP.aspx">
		<Fields/>
		<Parameters/>
		<DefaultData>
			<dfs:myFields xmlns:xsd="http://www.w3.org/2001/XMLSchema" xmlns:dms="http://schemas.microsoft.com/office/2009/documentManagement/types" xmlns:dfs="http://schemas.microsoft.com/office/infopath/2003/dataFormSolution" xmlns:q="http://schemas.microsoft.com/office/infopath/2009/WSSList/queryFields" xmlns:d="http://schemas.microsoft.com/office/infopath/2009/WSSList/dataFields" xmlns:ma="http://schemas.microsoft.com/office/2009/metadata/properties/metaAttributes" xmlns:pc="http://schemas.microsoft.com/office/infopath/2007/PartnerControls" xmlns:xsi="http://www.w3.org/2001/XMLSchema-instance">
				<dfs:queryFields/>
				<dfs:dataFields>
					<d:SharePointListItem_RW/>
				</dfs:dataFields>
			</dfs:myFields>
		</DefaultData>
	</Initiation>
	<Extended>
		<Fields/>
	</Extended>
	<MetaData>
		<ExtendedStatusColumnValues>
			<StatusColumnValue>Canceled</StatusColumnValue>
			<StatusColumnValue>Approved</StatusColumnValue>
			<StatusColumnValue>Rejected</StatusColumnValue>
		</ExtendedStatusColumnValues>
		<Instantiation_FormURI Version="V2.0">Workflows/rakazAdi/rakazAdi.xsn</Instantiation_FormURI>
	</MetaData>
</WorkflowConfig>
